{
    "id": 107762,
    "name": "4.7.17 Beta 3",
    "steps": {
        "queries": false,
        "lang": false,
        "theme": false,
        "themeSettings": false,
        "javascript": false,
        "emailTemplates": false,
        "hooks": false,
        "acpSearchKeywords": false,
        "settings": false,
        "tasks": false,
        "modules": false,
        "widgets": false,
        "customOptions": false,
        "customRoutines": false
    },
    "forceMainUpgrader": false,
    "forceManualDownloadNoCiC": false,
    "forceManualDownloadCiC": false
}